id;content;create_id;created_by;created_date;last_modified_by;last_modified_date
1;../fake-data/blob/hipster.txt;81546;monitor;2019-11-12T14:32:47;quantify Unbranded Plastic Tuna Frozen;2019-11-12T11:19:42
2;../fake-data/blob/hipster.txt;85003;Highway Ergonomic;2019-11-12T23:08:34;Lempira;2019-11-12T16:03:38
3;../fake-data/blob/hipster.txt;72960;withdrawal COM;2019-11-12T20:42:34;Frozen bus;2019-11-12T13:47:02
4;../fake-data/blob/hipster.txt;72172;Robust Networked;2019-11-13T07:04:19;system Small;2019-11-12T21:29:55
5;../fake-data/blob/hipster.txt;10789;Outdoors;2019-11-12T16:46:08;knowledge base Buckinghamshire;2019-11-12T10:15:40
6;../fake-data/blob/hipster.txt;13933;Investment Account;2019-11-12T19:05:11;white Brand Money Market Account;2019-11-12T15:22:04
7;../fake-data/blob/hipster.txt;16122;Web virtual deposit;2019-11-12T11:07:39;digital maroon;2019-11-12T10:37:17
8;../fake-data/blob/hipster.txt;88328;projection Fresh;2019-11-12T23:29:29;Direct;2019-11-13T01:30:41
9;../fake-data/blob/hipster.txt;22793;synergies copying;2019-11-12T11:23:07;Games;2019-11-12T19:47:05
10;../fake-data/blob/hipster.txt;53408;Bedfordshire Bahamian Dollar;2019-11-13T01:34:36;User-centric Gloves;2019-11-13T02:47:32
