id;content;answer;create_id;remark;star;created_by;created_date;last_modified_by;last_modified_date
1;../fake-data/blob/hipster.txt;../fake-data/blob/hipster.txt;37454;../fake-data/blob/hipster.txt;79654;Fish multi-byte Savings Account;2019-11-12T21:20:33;Small;2019-11-12T21:01:14
2;../fake-data/blob/hipster.txt;../fake-data/blob/hipster.txt;86617;../fake-data/blob/hipster.txt;33370;Metal deposit;2019-11-13T06:41:19;transmitter Implementation Electronics;2019-11-12T08:13:47
3;../fake-data/blob/hipster.txt;../fake-data/blob/hipster.txt;18340;../fake-data/blob/hipster.txt;61748;Home Loan Account;2019-11-13T07:52:22;Home Namibia;2019-11-12T22:26:45
4;../fake-data/blob/hipster.txt;../fake-data/blob/hipster.txt;13949;../fake-data/blob/hipster.txt;4666;Coordinator;2019-11-13T02:27:21;Licensed Savings Account;2019-11-12T22:51:48
5;../fake-data/blob/hipster.txt;../fake-data/blob/hipster.txt;51423;../fake-data/blob/hipster.txt;98323;Canyon HDD;2019-11-12T15:42:55;Centers;2019-11-13T07:43:27
6;../fake-data/blob/hipster.txt;../fake-data/blob/hipster.txt;94888;../fake-data/blob/hipster.txt;94220;South Dakota envisioneer Music;2019-11-13T02:30:04;Monitored Bahamian Dollar Investment Account;2019-11-12T12:02:45
7;../fake-data/blob/hipster.txt;../fake-data/blob/hipster.txt;3438;../fake-data/blob/hipster.txt;17336;incentivize Tuna copy;2019-11-12T21:50:20;sky blue Georgia;2019-11-13T07:17:27
8;../fake-data/blob/hipster.txt;../fake-data/blob/hipster.txt;96958;../fake-data/blob/hipster.txt;84228;Views e-enable Communications;2019-11-12T14:35:17;archive Georgia Aruba;2019-11-12T08:58:28
9;../fake-data/blob/hipster.txt;../fake-data/blob/hipster.txt;32533;../fake-data/blob/hipster.txt;84453;compress South Georgia and the South Sandwich Isla;2019-11-12T17:57:38;Specialist Home Loan Account;2019-11-13T01:25:07
10;../fake-data/blob/hipster.txt;../fake-data/blob/hipster.txt;14092;../fake-data/blob/hipster.txt;29627;Car Industrial deliverables;2019-11-12T22:33:55;24 hour;2019-11-13T07:42:16
